No of Digits,p,q,e,d,Execution Time (seconds)
2-digit,89,17,13,325,7.987022399902344e-05
4-digit,2953,6907,13,6272773,2.847472906112671
6-digit,100003,100019,13,4616307709,1922.6599061489105
